Scheme,Dataset,N,K,AvgTime_ms,AvgRounds,AvgVolume_Bytes,BlockSize,Access,Self_Access,InitialTime_s
HOTREE,yelp,262144,1,1.27439,6.21438,2.0375e+06,4096,12.7996,6.86672e-05,65.8205
HOTREE,tweets,262144,1,0.895185,6.01627,1.99616e+06,4096,12.0017,0,24.4701
HOTREE,foursquare,262144,1,0.701283,6.0171,1.99649e+06,4096,12.01,0,23.4133
