Scheme,Dataset,N,K,AvgTime_ms,AvgRounds,AvgVolume_Bytes,BlockSize,Access,Self_Access,InitialTime_s
HOTREE,yelp,262144,1,1.19602,2.73673,2.08559e+06,4096,5.93628,0.000137334,61.5103
HOTREE,tweets,262144,1,0.757766,2.3272,1.86953e+06,4096,5.1304,6.86672e-05,25.6923
HOTREE,foursquare,262144,1,0.574581,2.05184,1.76082e+06,4096,4.53286,0,22.2269
