Scheme,Dataset,N,K,AvgTime_ms,AvgRounds,AvgVolume_Bytes,BlockSize,Access,Self_Access,InitialTime_s
HOTREE,yelp,262144,1,2.58164,6.30996,5.38297e+06,4096,12.7996,0.000412003,55.8822
HOTREE,tweets,262144,1,2.01612,6.10994,5.15984e+06,4096,12.0017,6.86672e-05,26.3236
HOTREE,foursquare,262144,1,1.74893,6.11083,5.16025e+06,4096,12.01,0.000137334,19.7799
