Dataset,N,K,AvgTime_ms,AvgRounds,AvgVolume_Bytes,BlockSize
synthetic,1024,3,3.3369,40.88,1.9959e+06,4096
foursquare,1024,3,1.93236,14.96,646840,4096
tweets,1024,3,7.07462,42.06,2.04521e+06,4096
yelp,1024,3,2.87266,8.36,307528,4096
synthetic,32768,3,16.0934,190.68,1.38515e+07,4096
foursquare,32768,3,3.35772,34.56,1.82845e+06,4096
tweets,32768,3,24.7745,175.4,1.27464e+07,4096
yelp,32768,3,3.0266,18.08,831816,4096
